City_ID,City,Country,Date,Lat,Lng,Max Temp,Humidity,Cloudiness,Wind Speed
0,Burgeo,CA,2022-06-04 22:48:21,47.6167,-57.6152,49.82,76,96,0.83
1,Port Elizabeth,ZA,2022-06-04 22:48:22,-33.918,25.5701,61.11,93,100,13.8
2,Opuwo,NA,2022-06-04 22:44:09,-18.0607,13.84,56.32,40,13,8.28
3,Tonantins,BR,2022-06-04 22:48:22,-2.8731,-67.8022,71.56,99,100,0.94
4,Te Anau,NZ,2022-06-04 22:48:23,-45.4167,167.7167,44.85,88,100,4.85
5,Aripuana,BR,2022-06-04 22:48:24,-9.1667,-60.6333,82.58,50,78,0.74
6,Luderitz,NA,2022-06-04 22:48:24,-26.6481,15.1594,64.36,41,0,5.53
7,Hilo,US,2022-06-04 22:48:24,19.7297,-155.09,89.28,90,100,9.22
8,Tuktoyaktuk,CA,2022-06-04 22:48:25,69.4541,-133.0374,26.6,80,100,11.5
9,Svetlaya,RU,2022-06-04 22:48:25,46.5389,138.3297,47.91,63,11,7.65
10,Rafai,CF,2022-06-04 22:48:26,4.95,23.9167,67.46,99,78,2.53
11,Rikitea,PF,2022-06-04 22:48:26,-23.1203,-134.9692,72.19,80,100,9.48
12,Arraial Do Cabo,BR,2022-06-04 22:48:27,-22.9661,-42.0278,68.22,64,100,10.02
13,Nicoya,CR,2022-06-04 22:48:27,10.1483,-85.452,79.97,82,86,4.47
14,Ribeira Grande,PT,2022-06-04 22:48:27,38.5167,-28.7,64.4,94,82,10.6
15,Busselton,AU,2022-06-04 22:48:28,-33.65,115.3333,55.13,84,94,7.49
16,Tasiilaq,GL,2022-06-04 22:48:28,65.6145,-37.6368,37.56,68,40,6.96
17,Bluff,NZ,2022-06-04 22:48:29,-46.6,168.3333,47.8,65,100,12.66
18,Brokopondo,SR,2022-06-04 22:48:29,4.75,-55.1667,77.31,87,60,6.55
19,New Norfolk,AU,2022-06-04 22:48:30,-42.7826,147.0587,47.7,89,95,2.44
20,Sarab,IR,2022-06-04 22:48:30,38.6066,44.9883,65.77,57,1,0.87
21,Barrow,US,2022-06-04 22:48:31,71.2906,-156.7887,28.42,86,100,26.46
22,Kavieng,PG,2022-06-04 22:48:32,-2.5744,150.7967,83.43,65,65,7.43
23,Pisco,PE,2022-06-04 22:48:32,-13.7,-76.2167,66.25,77,0,16.11
24,Cidreira,BR,2022-06-04 22:48:32,-30.1811,-50.2056,62.38,81,4,19.24
25,Hithadhoo,MV,2022-06-04 22:48:33,-0.6,73.0833,83.12,70,90,8.32
26,Nishihara,JP,2022-06-04 22:48:33,26.1842,127.7558,80.65,97,75,9.22
27,La Libertad,EC,2022-06-04 22:48:34,-2.2333,-80.9,73.06,78,75,9.22
28,Puerto Ayora,EC,2022-06-04 22:48:34,-0.7393,-90.3518,76.96,87,92,9.64
29,Yola,NG,2022-06-04 22:46:07,9.2,12.4833,73.76,84,100,3.67
30,Kavaratti,IN,2022-06-04 22:48:35,10.5669,72.642,82.62,78,95,11.68
31,Komatipoort,ZA,2022-06-04 22:48:35,-25.4332,31.9548,57.06,89,0,2.91
32,Khatanga,RU,2022-06-04 22:48:36,71.9667,102.5,27.41,89,100,14.36
33,Klaksvik,FO,2022-06-04 22:48:36,62.2266,-6.589,47.32,92,100,4.0
34,Ushuaia,AR,2022-06-04 22:48:36,-54.8,-68.3,37.06,60,20,9.22
35,Norman Wells,CA,2022-06-04 22:48:37,65.282,-126.8329,48.24,71,100,13.8
36,Nikolskoye,RU,2022-06-04 22:48:37,59.7035,30.7861,52.81,98,34,5.01
37,Saskylakh,RU,2022-06-04 22:48:38,71.9167,114.0833,33.06,91,99,4.41
38,Clyde River,CA,2022-06-04 22:47:03,70.4692,-68.5914,30.43,100,100,10.36
39,Butaritari,KI,2022-06-04 22:48:38,3.0707,172.7902,80.96,71,90,9.06
40,Ust-Kuyga,RU,2022-06-04 22:48:39,70.0167,135.6,68.67,47,88,2.98
41,Alfredo Chaves,BR,2022-06-04 22:48:39,-20.635,-40.7497,65.12,94,100,4.36
42,Caravelas,BR,2022-06-04 22:48:39,-17.7125,-39.2481,74.17,67,91,13.47
43,Alofi,NU,2022-06-04 22:48:40,-19.0595,-169.9187,82.29,78,8,10.36
44,Bacolod,PH,2022-06-04 22:48:40,10.6667,122.95,80.58,79,100,2.24
45,Beringovskiy,RU,2022-06-04 22:49:41,63.05,179.3167,39.04,81,37,4.38
46,Mar Del Plata,AR,2022-06-04 22:49:20,-38.0023,-57.5575,55.09,79,0,4.61
47,Mataura,NZ,2022-06-04 22:49:42,-46.1927,168.8643,47.48,70,100,5.06
48,Namibe,AO,2022-06-04 22:49:42,-15.1961,12.1522,74.89,45,52,5.7
49,Port Alfred,ZA,2022-06-04 22:49:43,-33.5906,26.891,59.18,86,100,4.0
50,Geraldton,AU,2022-06-04 22:49:43,-28.7667,114.6,48.61,71,100,10.36
51,Katobu,ID,2022-06-04 22:49:44,-4.9408,122.5276,75.96,91,71,2.64
52,Zaysan,KZ,2022-06-04 22:49:44,47.4667,84.8667,54.28,64,43,6.98
53,Lompoc,US,2022-06-04 22:49:45,34.6391,-120.4579,80.69,65,0,21.99
54,Baykit,RU,2022-06-04 22:49:45,61.67,96.37,37.96,83,33,1.95
55,Parabel,RU,2022-06-04 22:49:46,58.6978,81.4825,34.63,98,100,7.09
56,Jamestown,US,2022-06-04 22:46:10,42.097,-79.2353,64.04,29,0,8.05
57,Cockburn Town,TC,2022-06-04 22:49:46,21.4612,-71.1419,82.36,74,40,11.5
58,Huarmey,PE,2022-06-04 22:49:47,-10.0681,-78.1522,67.51,80,99,9.44
59,Ngunguru,NZ,2022-06-04 22:49:47,-35.6167,174.5,62.13,67,100,11.52
60,Hobart,AU,2022-06-04 22:46:49,-42.8794,147.3294,48.06,91,75,10.36
61,Todos Santos,MX,2022-06-04 22:49:47,23.45,-110.2167,73.53,61,0,8.39
62,Qaanaaq,GL,2022-06-04 22:49:48,77.484,-69.3632,28.17,81,96,2.91
63,Kapaa,US,2022-06-04 22:49:48,22.0752,-159.319,82.11,67,0,10.36
64,Sabalgarh,IN,2022-06-04 22:49:49,26.25,77.4,93.94,16,34,9.31
65,Fairhope,US,2022-06-04 22:49:49,30.523,-87.9033,91.87,51,75,6.91
66,Thinadhoo,MV,2022-06-04 22:49:50,0.5333,72.9333,83.43,71,64,10.4
67,Jobat,IN,2022-06-04 22:49:50,22.4167,74.5667,82.09,58,43,12.3
68,Esqueda,MX,2022-06-04 22:49:51,30.7167,-109.5833,92.37,13,4,23.02
69,Yellowknife,CA,2022-06-04 22:49:51,62.456,-114.3525,73.92,21,20,17.27
70,Mogadouro,PT,2022-06-04 22:49:51,41.3403,-6.7119,53.82,83,25,3.4
71,Acari,PE,2022-06-04 22:49:52,-15.4311,-74.6158,70.21,68,100,3.4
72,Axim,GH,2022-06-04 22:49:52,4.8699,-2.2405,78.78,86,100,7.0
73,Kanniyakumari,IN,2022-06-04 22:49:53,8.0833,77.5667,79.52,87,96,16.84
74,Albany,US,2022-06-04 22:48:55,42.6001,-73.9662,72.01,49,23,10.96
75,Dahuk,IQ,2022-06-04 22:49:53,36.8695,42.994,81.07,20,31,5.97
76,Douglas,US,2022-06-04 22:49:54,41.3,-96.167,79.39,53,40,12.66
77,Kaitangata,NZ,2022-06-04 22:49:54,-46.2817,169.8464,46.15,64,79,7.58
78,Chuy,UY,2022-06-04 22:49:55,-33.6971,-53.4616,53.83,82,100,8.86
79,San Antonio,US,2022-06-04 22:49:55,29.4241,-98.4936,100.53,35,20,5.75
80,Koumac,NC,2022-06-04 22:49:56,-20.5667,164.2833,77.32,65,6,4.63
81,Bolshaya Dzhalga,RU,2022-06-04 22:49:56,45.9695,42.6966,67.98,45,29,6.98
82,Chokurdakh,RU,2022-06-04 22:49:57,70.6333,147.9167,52.92,35,100,13.44
83,Saint-Philippe,RE,2022-06-04 22:49:57,-21.3585,55.7679,72.99,78,46,13.94
84,Ponta Do Sol,PT,2022-06-04 22:49:57,32.6667,-17.1,66.83,71,16,4.5
85,Krasnyy Chikoy,RU,2022-06-04 22:49:58,50.3643,108.7512,50.79,96,100,2.39
86,Vaini,TO,2022-06-04 22:49:58,-21.2,-175.2,78.96,83,40,8.05
87,Sorong,ID,2022-06-04 22:49:59,-0.8833,131.25,78.17,84,100,6.85
88,Sakaiminato,JP,2022-06-04 22:49:59,35.55,133.2333,66.18,82,75,11.5
89,Vardo,NO,2022-06-04 22:51:00,70.3705,31.1107,44.58,100,100,11.5
90,Atuona,PF,2022-06-04 22:51:01,-9.8,-139.0333,78.31,73,30,14.97
91,Yanam,IN,2022-06-04 22:51:01,16.7333,82.2167,81.84,90,92,4.74
92,Cape Town,ZA,2022-06-04 22:48:10,-33.9258,18.4232,61.21,85,0,14.97
93,Santa Maria,BR,2022-06-04 22:51:01,-29.6842,-53.8069,58.3,77,75,4.61
94,Livingstonia,MW,2022-06-04 22:51:02,-10.606,34.1063,56.23,80,8,4.23
95,Hermanus,ZA,2022-06-04 22:51:02,-34.4187,19.2345,58.8,81,100,13.02
96,Kalianget,ID,2022-06-04 22:51:03,-7.05,113.9333,80.71,80,57,8.75
97,Itoman,JP,2022-06-04 22:51:03,26.1247,127.6694,81.37,96,75,9.22
98,Tangwani,PK,2022-06-04 22:51:03,28.2787,68.9972,87.89,30,0,3.76
99,Waw,SS,2022-06-04 22:51:04,7.7029,27.9953,78.06,60,79,4.76
100,Port Hardy,CA,2022-06-04 22:51:04,50.6996,-127.4199,55.58,94,100,13.8
101,Dingle,PH,2022-06-04 22:51:04,10.9995,122.6711,79.14,82,100,3.02
102,San Quintin,MX,2022-06-04 22:51:05,30.4833,-115.95,67.1,69,23,17.96
103,Misratah,LY,2022-06-04 22:47:58,32.3754,15.0925,75.6,68,4,4.32
104,Vigrestad,NO,2022-06-04 22:51:05,58.5667,5.7,48.58,87,22,15.35
105,Balakirevo,RU,2022-06-04 22:51:06,56.5059,38.8432,50.68,89,70,5.37
106,Tiksi,RU,2022-06-04 22:51:06,71.6872,128.8694,52.2,75,100,8.61
107,Punta Arenas,CL,2022-06-04 22:51:07,-53.15,-70.9167,41.11,70,40,21.85
108,Maholi,IN,2022-06-04 22:51:07,27.6667,80.4667,89.2,10,66,5.84
109,Torbay,CA,2022-06-04 22:51:07,47.6666,-52.7314,48.27,76,75,10.36
110,Sibiti,CG,2022-06-04 22:51:08,-3.6819,13.3499,69.44,74,82,1.05
111,Cayenne,GF,2022-06-04 22:51:08,4.9333,-52.3333,80.64,1,20,5.75
112,Cedar City,US,2022-06-04 22:46:56,37.6775,-113.0619,75.4,17,0,20.71
113,Purpe,RU,2022-06-04 22:51:09,64.4803,76.6897,33.28,94,86,15.08
114,Ugoofaaru,MV,2022-06-04 22:51:10,5.6667,73.0,82.17,78,40,14.36
115,Lebu,CL,2022-06-04 22:51:10,-37.6167,-73.65,51.48,94,100,6.67
116,Basco,PH,2022-06-04 22:51:11,20.4487,121.9702,84.02,78,99,17.52
117,Castro,BR,2022-06-04 22:51:11,-24.7911,-50.0119,51.89,94,73,5.99
118,Danilov,RU,2022-06-04 22:51:11,58.1908,40.1717,47.48,97,86,4.74
119,Petropavlovsk-Kamchatskiy,RU,2022-06-04 22:51:12,53.0452,158.6483,64.99,37,0,4.47
120,Bredasdorp,ZA,2022-06-04 22:51:12,-34.5322,20.0403,55.92,81,100,5.5
121,Santa Rosalia,MX,2022-06-04 22:51:13,27.3167,-112.2833,87.75,34,1,0.43
122,Codrington,AU,2022-06-04 22:51:13,-38.2667,141.9667,46.04,84,58,15.35
123,Lorengau,PG,2022-06-04 22:51:14,-2.0226,147.2712,83.35,65,39,6.29
124,Synya,RU,2022-06-04 22:51:14,65.3718,58.0387,42.39,54,4,2.33
125,Padang,ID,2022-06-04 22:51:14,-0.9492,100.3543,75.25,85,89,3.67
126,Ilulissat,GL,2022-06-04 22:51:15,69.2167,-51.1,38.77,63,62,5.57
127,Anticala,PH,2022-06-04 22:51:15,9.0044,125.6453,78.69,89,99,2.66
128,Mahebourg,MU,2022-06-04 22:51:16,-20.4081,57.7,71.89,78,40,16.11
129,Cabo San Lucas,MX,2022-06-04 22:48:12,22.8909,-109.9124,84.61,62,1,14.45
130,East London,ZA,2022-06-04 22:49:51,-33.0153,27.9116,63.25,67,89,13.06
131,Longyearbyen,SJ,2022-06-04 22:51:16,78.2186,15.6401,34.12,92,84,6.49
132,Turukhansk,RU,2022-06-04 22:51:17,65.8167,87.9833,40.44,78,100,7.45
133,Mana,GF,2022-06-04 22:51:17,5.6592,-53.7767,77.18,90,83,8.14
134,Lavrentiya,RU,2022-06-04 22:51:17,65.5833,-171.0,42.75,76,72,8.72
135,Urusha,RU,2022-06-04 22:51:18,54.05,122.9,61.74,63,72,3.42
136,Nalut,LY,2022-06-04 22:51:19,30.3333,10.85,79.97,22,0,13.62
137,Port Hawkesbury,CA,2022-06-04 22:52:19,45.6169,-61.3485,55.58,82,0,9.22
138,Dikson,RU,2022-06-04 22:52:20,73.5069,80.5464,29.3,96,99,8.08
139,Dong Hoi,VN,2022-06-04 22:52:20,17.4833,106.6,81.54,78,83,9.53
140,Katsuura,JP,2022-06-04 22:52:20,35.1333,140.3,69.51,72,100,9.22
141,Nanortalik,GL,2022-06-04 22:52:21,60.1432,-45.2371,44.62,57,52,2.68
142,Gostyn,PL,2022-06-04 22:52:21,51.8825,17.0123,65.05,88,97,6.62
143,Nemuro,JP,2022-06-04 22:52:22,43.3236,145.575,44.73,94,100,20.8
144,Tiznit,MA,2022-06-04 22:52:22,29.5833,-9.5,62.24,77,37,4.12
145,Bandarbeyla,SO,2022-06-04 22:52:23,9.4942,50.8122,78.75,79,15,19.64
146,College,US,2022-06-04 22:52:23,64.8569,-147.8028,77.47,28,75,12.66
147,Nosy Varika,MG,2022-06-04 22:52:23,-20.5833,48.5333,69.21,86,61,2.35
148,Brae,GB,2022-06-04 22:52:24,60.3964,-1.353,49.01,94,41,6.89
149,Thompson,CA,2022-06-04 22:52:24,55.7435,-97.8558,48.36,66,75,5.75
150,Juneau,US,2022-06-04 22:52:25,58.3019,-134.4197,60.8,92,75,23.02
151,Lakatoro,VU,2022-06-04 22:52:25,-16.0999,167.4164,82.24,68,68,14.81
152,Victoria,HK,2022-06-04 22:47:28,22.2855,114.1577,84.96,84,98,11.99
153,Sokoto,NG,2022-06-04 22:51:10,13.0609,5.239,92.64,25,77,7.54
154,Asfi,MA,2022-06-04 22:52:26,32.2994,-9.2372,66.4,79,20,19.3
155,Itaituba,BR,2022-06-04 22:52:26,-4.2761,-55.9836,74.07,96,82,2.46
156,Shingu,JP,2022-06-04 22:52:27,33.7333,135.9833,69.57,81,100,2.46
157,Staszow,PL,2022-06-04 22:52:27,50.5631,21.1659,60.62,98,100,4.68
158,Severo-Kurilsk,RU,2022-06-04 22:52:28,50.6789,156.125,46.33,82,65,4.36
159,Alice Springs,AU,2022-06-04 22:52:28,-23.7,133.8833,54.95,88,100,5.75
160,Emba,KZ,2022-06-04 22:52:29,48.8264,58.1442,65.12,68,14,6.76
161,Georgetown,MY,2022-06-04 22:52:29,5.4112,100.3354,79.95,89,40,5.01
162,Goianapolis,BR,2022-06-04 22:52:09,-16.5106,-49.0239,76.28,53,19,6.31
163,Igurubi,TZ,2022-06-04 22:52:30,-4.0,33.7,67.57,45,77,10.74
164,Sao Filipe,CV,2022-06-04 22:52:30,14.8961,-24.4956,74.57,76,3,6.98
165,Chara,RU,2022-06-04 22:52:30,56.9064,118.2631,61.09,58,77,1.34
166,Iqaluit,CA,2022-06-04 22:52:31,63.7506,-68.5145,49.73,57,20,2.3
167,Sola,VU,2022-06-04 22:52:31,-13.8833,167.55,81.61,66,48,20.4
168,Kaeo,NZ,2022-06-04 22:52:32,-35.1,173.7833,62.8,65,97,8.81
169,Ambon,ID,2022-06-04 22:52:32,-3.6954,128.1814,75.34,100,40,3.44
170,Yumen,CN,2022-06-04 22:52:33,40.2833,97.2,65.41,23,41,5.99
171,Srednekolymsk,RU,2022-06-04 22:52:33,67.45,153.6833,51.49,31,73,10.94
172,Villa Rica,US,2022-06-04 22:52:34,33.7321,-84.9191,86.4,55,27,4.7
173,Garmsar,IR,2022-06-04 22:52:34,35.2182,52.3409,79.77,21,0,4.29
174,Souillac,MU,2022-06-04 22:52:35,-20.5167,57.5167,71.98,78,40,16.11
175,Coquimbo,CL,2022-06-04 22:52:35,-29.9533,-71.3436,56.93,100,75,9.22
176,Jalu,LY,2022-06-04 22:52:35,29.0331,21.5482,81.48,38,0,13.13
177,Paamiut,GL,2022-06-04 22:52:36,61.994,-49.6678,40.17,73,0,8.32
178,Toora-Khem,RU,2022-06-04 22:52:36,52.4675,96.11,44.49,87,96,4.76
179,Bethel,US,2022-06-04 22:52:37,41.3712,-73.414,76.3,52,22,1.01
180,Balkanabat,TM,2022-06-04 22:52:37,39.5108,54.3671,84.69,14,0,12.5
181,Saldanha,ZA,2022-06-04 22:53:38,-33.0117,17.9442,55.45,89,100,11.74
182,Upernavik,GL,2022-06-04 22:53:38,72.7868,-56.1549,31.91,80,4,13.58
183,Gayeri,BF,2022-06-04 22:53:39,12.6497,0.4931,90.93,28,44,7.05
184,Carnarvon,AU,2022-06-04 22:53:39,-24.8667,113.6333,67.5,42,100,13.91
185,Puerto Escondido,MX,2022-06-04 22:53:39,15.85,-97.0667,83.75,72,24,5.86
186,Atotonilco El Grande,MX,2022-06-04 22:53:40,20.2833,-98.6667,72.48,40,28,14.05
187,Doctor Juan Manuel Frutos,PY,2022-06-04 22:53:40,-25.3667,-55.8,60.13,96,80,6.11
188,Nantucket,US,2022-06-04 22:53:41,41.2835,-70.0995,60.91,88,20,11.5
189,Sao Jose Da Coroa Grande,BR,2022-06-04 22:52:14,-8.8978,-35.1478,76.73,81,92,8.66
190,Vao,NC,2022-06-04 22:53:41,-22.6667,167.4833,73.2,69,52,5.21
191,Ashland,US,2022-06-04 22:53:42,40.8167,-82.2665,69.96,45,8,7.7
192,Dong Xoai,VN,2022-06-04 22:53:42,11.5333,106.9167,73.18,96,70,2.33
193,Kloulklubed,PW,2022-06-04 22:53:43,7.0419,134.2556,79.3,70,35,5.99
194,Verkhoyansk,RU,2022-06-04 22:53:43,67.5447,133.385,72.09,35,17,10.98
195,Faanui,PF,2022-06-04 22:53:44,-16.4833,-151.75,79.72,75,52,13.53
196,Port Blair,IN,2022-06-04 22:53:44,11.6667,92.75,78.84,89,75,2.3
197,Prestea,GH,2022-06-04 22:53:44,5.4327,-2.1428,75.09,97,100,3.42
198,Villa Carlos Paz,AR,2022-06-04 22:53:45,-31.4241,-64.4978,53.89,42,0,8.01
199,Sorland,NO,2022-06-04 22:53:45,67.667,12.6934,44.46,70,84,31.21
200,Tuatapere,NZ,2022-06-04 22:53:46,-46.1333,167.6833,48.02,76,100,6.46
201,Mariestad,SE,2022-06-04 22:53:46,58.7097,13.8237,55.51,77,59,6.24
202,Vila Velha,BR,2022-06-04 22:52:18,-20.3297,-40.2925,69.75,91,75,12.66
203,Genhe,CN,2022-06-04 22:53:47,50.7833,121.5167,55.96,58,67,11.45
204,Victor Harbor,AU,2022-06-04 22:53:47,-35.5667,138.6167,48.69,76,95,18.54
205,Belaya Gora,RU,2022-06-04 22:53:47,68.5333,146.4167,59.81,43,49,8.93
206,Karratha,AU,2022-06-04 22:53:48,-20.7377,116.8463,66.06,60,0,13.0
207,Luwingu,ZM,2022-06-04 22:53:48,-10.2621,29.9271,48.88,84,10,3.94
208,Babanka,UA,2022-06-04 22:53:49,48.7097,30.4483,60.37,67,100,7.38
209,Tadine,NC,2022-06-04 22:53:49,-21.55,167.8833,75.11,68,16,3.85
210,Rudnaya Pristan,RU,2022-06-04 22:53:50,44.3614,135.8116,48.27,71,73,6.33
211,Sadovoye,RU,2022-06-04 22:53:50,47.7764,44.5089,71.35,58,72,12.06
212,Tooele,US,2022-06-04 22:53:51,40.5308,-112.2983,78.85,38,40,13.8
213,Igunga,TZ,2022-06-04 22:53:51,-4.2833,33.8833,64.96,50,61,5.93
214,Salalah,OM,2022-06-04 22:53:51,17.0151,54.0924,81.21,79,97,2.04
215,Zhengjiatun,CN,2022-06-04 22:53:52,43.5064,123.5064,64.38,84,100,22.06
216,Saint Anthony,US,2022-06-04 22:53:52,45.0205,-93.218,72.84,53,75,5.75
217,Belmonte,BR,2022-06-04 22:53:53,-15.8631,-38.8828,73.8,84,64,17.6
218,Healdsburg,US,2022-06-04 22:53:53,38.6105,-122.8692,75.97,49,100,3.0
219,Ostrovnoy,RU,2022-06-04 22:53:54,68.0531,39.5131,49.66,92,61,9.46
220,Beroroha,MG,2022-06-04 22:53:54,-21.6667,45.1667,70.56,66,52,5.17
221,Antofagasta,CL,2022-06-04 22:49:21,-23.65,-70.4,67.21,59,97,2.89
222,Canutama,BR,2022-06-04 22:53:55,-6.5339,-64.3831,73.4,96,91,1.5
223,Leshukonskoye,RU,2022-06-04 22:53:55,64.8989,45.7622,50.65,85,14,3.36
224,Jumla,NP,2022-06-04 22:53:56,29.2747,82.1838,53.6,46,100,5.03
225,Rize,TR,2022-06-04 22:53:56,40.9044,40.8949,53.73,58,7,6.8
226,Mikhaylovka,RU,2022-06-04 22:53:56,50.06,43.2379,62.78,93,3,7.63
227,Esperance,AU,2022-06-04 22:54:57,-33.8667,121.9,55.54,72,99,18.95
228,Kruisfontein,ZA,2022-06-04 22:54:57,-34.0033,24.7314,57.88,87,100,5.53
229,Mende,FR,2022-06-04 22:54:58,44.6667,3.5,53.74,94,76,4.16
230,Teguise,ES,2022-06-04 22:54:58,29.0605,-13.564,66.42,73,40,16.11
231,Kenai,US,2022-06-04 22:54:58,60.5544,-151.2583,77.02,51,55,7.87
232,Ribeira Brava,PT,2022-06-04 22:54:59,32.65,-17.0667,66.83,72,11,4.83
233,Bonavista,CA,2022-06-04 22:54:59,48.6499,-53.1147,40.41,93,100,20.87
234,Haiger,DE,2022-06-04 22:55:00,50.75,8.2167,65.3,74,77,11.5
235,San Luis,AR,2022-06-04 22:55:00,-33.295,-66.3356,47.68,57,10,6.82
236,Vieste,IT,2022-06-04 22:55:01,41.8825,16.175,76.35,59,21,4.47
237,Camopi,GF,2022-06-04 22:55:01,3.1655,-52.3158,72.21,98,100,2.19
238,Venice,US,2022-06-04 22:55:01,27.0998,-82.4543,84.22,73,75,17.27
239,Byron Bay,AU,2022-06-04 22:55:02,-28.65,153.6167,58.95,68,97,2.3
240,Melfort,CA,2022-06-04 22:55:02,52.8667,-104.6177,66.33,18,3,4.61
241,Sayyan,YE,2022-06-04 22:55:02,15.1718,44.3244,60.39,34,45,4.32
242,Sobolevo,RU,2022-06-04 22:55:03,54.4299,31.8996,50.88,95,100,5.99
243,Quatre Cocos,MU,2022-06-04 22:55:03,-20.2078,57.7625,71.71,74,87,18.45
244,Tokmak,UA,2022-06-04 22:55:03,47.2514,35.7058,63.48,88,67,7.74
245,Pinyug,RU,2022-06-04 22:55:04,60.251,47.7842,47.7,97,6,3.83
246,Tigil,RU,2022-06-04 22:55:04,57.8,158.6667,50.09,60,100,4.47
247,Minas De Barroteran,MX,2022-06-04 22:55:05,27.6333,-101.2833,99.46,20,32,8.77
248,Marawi,PH,2022-06-04 22:55:05,7.9986,124.2928,72.61,89,100,2.26
249,Zhigalovo,RU,2022-06-04 22:55:05,54.8097,105.1578,53.74,55,85,3.11
250,Nongan,CN,2022-06-04 22:55:06,44.382,125.1685,59.04,93,100,14.32
251,Ahipara,NZ,2022-06-04 22:55:06,-35.1667,173.1667,62.37,66,99,11.18
252,Bucerias,MX,2022-06-04 22:55:07,20.75,-105.3333,82.98,71,19,9.48
253,Nuuk,GL,2022-06-04 22:50:21,64.1835,-51.7216,45.54,55,2,6.53
254,Tabory,RU,2022-06-04 22:55:07,58.5198,64.5495,38.3,85,1,2.55
255,Avera,US,2022-06-04 22:55:07,33.194,-82.5271,83.71,52,70,11.5
256,Manbij,SY,2022-06-04 22:55:08,36.5281,37.9549,70.57,42,0,9.13
257,Makakilo City,US,2022-06-04 22:55:08,21.3469,-158.0858,83.95,50,20,6.91
258,Fort Carson,US,2022-06-04 22:55:09,38.7375,-104.7889,85.44,22,75,18.41
259,Gazanjyk,TM,2022-06-04 22:55:09,39.2446,55.5154,80.58,14,0,9.37
260,Adrar,MR,2022-06-04 22:55:10,20.5022,-10.0711,90.0,15,77,19.75
261,Farah,AF,2022-06-04 22:55:10,32.5,62.5,69.76,18,0,5.57
262,Saint George,US,2022-06-04 22:55:11,37.1041,-113.5841,91.63,15,0,10.36
263,Bengkulu,ID,2022-06-04 22:55:11,-3.8004,102.2655,74.39,87,90,3.56
264,Vila Franca Do Campo,PT,2022-06-04 22:55:11,37.7167,-25.4333,69.19,97,97,11.54
265,Krasnoselkup,RU,2022-06-04 22:55:12,65.7,82.4667,36.21,82,79,13.15
266,Longonjo,AO,2022-06-04 22:55:12,-12.9067,15.2533,54.39,62,55,4.21
267,Barcelos,PT,2022-06-04 22:55:12,41.5388,-8.6151,63.84,94,2,3.74
268,Fortuna,US,2022-06-04 22:55:13,40.5982,-124.1573,62.1,67,40,17.27
269,North Bend,US,2022-06-04 22:52:37,43.4065,-124.2243,64.31,86,100,9.22
270,Kayerkan,RU,2022-06-04 22:55:13,69.3497,87.7602,24.53,85,100,26.46
271,Havre-Saint-Pierre,CA,2022-06-04 22:55:14,50.2334,-63.5986,59.36,51,0,10.36
272,Aitape,PG,2022-06-04 22:55:14,-3.1374,142.3475,80.19,79,100,3.47
273,Cherskiy,RU,2022-06-04 22:55:15,68.75,161.3,39.36,57,10,16.6
274,Formosa Do Rio Preto,BR,2022-06-04 22:55:15,-11.0483,-45.1931,75.85,41,37,4.03
275,Boa Vista,BR,2022-06-04 22:55:15,2.8197,-60.6733,78.78,78,75,6.91
276,Buenos Aires,AR,2022-06-04 22:55:57,-34.6132,-58.3772,53.33,84,0,6.91
277,Namatanai,PG,2022-06-04 22:56:16,-3.6667,152.4333,83.5,66,92,4.61
278,Tual,ID,2022-06-04 22:56:17,-5.6667,132.75,82.67,73,100,8.88
279,Enterprise,US,2022-06-04 22:56:17,36.0252,-115.2419,94.3,17,87,18.99
280,Tayu,ID,2022-06-04 22:56:18,-6.5397,111.0518,76.55,90,99,6.51
281,Tifton,US,2022-06-04 22:56:18,31.4505,-83.5085,87.73,53,97,8.05
282,Jingdezhen,CN,2022-06-04 22:56:18,29.2947,117.2079,76.06,98,97,3.83
283,Hokitika,NZ,2022-06-04 22:56:19,-42.7167,170.9667,52.3,59,100,8.16
284,Chandbali,IN,2022-06-04 22:56:19,20.7833,86.7667,82.85,86,95,7.0
285,Taber,CA,2022-06-04 22:53:54,49.8167,-112.1518,71.44,49,100,11.5
286,Mangai,CD,2022-06-04 22:56:20,-4.05,19.5333,72.12,63,4,1.41
287,Pangnirtung,CA,2022-06-04 22:56:20,66.1451,-65.7125,40.98,83,82,2.37
288,Mataro,ES,2022-06-04 22:56:21,41.5421,2.4445,73.89,87,4,1.99
289,Gravelbourg,CA,2022-06-04 22:56:21,49.8834,-106.5512,71.87,23,91,11.45
290,Pinotepa Nacional,MX,2022-06-04 22:53:49,16.3167,-98.0167,84.15,64,43,7.18
291,Pevek,RU,2022-06-04 22:56:22,69.7008,170.3133,31.1,95,100,8.95
292,Council Bluffs,US,2022-06-04 22:56:22,41.2619,-95.8608,79.3,55,40,11.5
293,Fukue,JP,2022-06-04 22:56:23,32.6881,128.8419,63.75,89,100,33.64
294,Bella Union,UY,2022-06-04 22:56:23,-30.2752,-57.6007,58.23,77,54,5.99
295,Avarua,CK,2022-06-04 22:56:23,-21.2078,-159.775,80.65,78,20,18.41
296,Coolum Beach,AU,2022-06-04 22:56:24,-26.5333,153.1,57.22,81,3,1.1
297,Djambala,CG,2022-06-04 22:56:24,-2.5447,14.7533,71.1,67,100,0.18
298,Jackson,US,2022-06-04 22:55:10,42.4165,-122.8345,60.71,90,100,1.99
299,Airai,TL,2022-06-04 22:56:25,-8.9266,125.4092,62.24,86,99,1.77
300,Roma,US,2022-06-04 22:56:25,43.2128,-75.4557,63.37,48,20,15.99
301,Batemans Bay,AU,2022-06-04 22:56:26,-35.7167,150.1833,56.1,57,6,10.51
302,Arcata,US,2022-06-04 22:56:26,40.8665,-124.0828,63.75,82,100,7.0
303,Port Lincoln,AU,2022-06-04 22:56:27,-34.7333,135.8667,53.53,66,68,24.83
304,Bay Roberts,CA,2022-06-04 22:56:27,47.5999,-53.2648,49.05,69,96,3.0
305,Boddam,GB,2022-06-04 22:56:28,57.4667,-1.7833,48.58,83,1,5.68
306,Hamilton,US,2022-06-04 22:56:28,39.1834,-84.5333,82.04,35,13,1.01
307,Lodja,CD,2022-06-04 22:56:29,-3.4833,23.4333,71.46,63,51,2.33
308,Cornwall,CA,2022-06-04 22:56:29,45.0181,-74.7281,64.78,64,27,7.56
309,Binzhou,CN,2022-06-04 22:56:29,37.3667,118.0167,78.24,59,87,4.7
310,Kashi,CN,2022-06-04 22:56:30,39.4547,75.9797,67.21,15,0,4.47
311,Ishigaki,JP,2022-06-04 22:56:30,24.3448,124.1572,82.53,94,20,12.66
312,Meulaboh,ID,2022-06-04 22:56:31,4.1363,96.1285,75.79,89,97,3.2
313,Salcininkai,LT,2022-06-04 22:56:31,54.3,25.3833,53.83,93,23,5.86
314,Manyana,BW,2022-06-04 22:56:31,-23.4,21.7167,51.33,50,2,6.91
315,Narsaq,GL,2022-06-04 22:56:32,60.9167,-46.05,53.83,36,5,1.34
316,Maracaju,BR,2022-06-04 22:56:32,-21.6144,-55.1683,73.99,59,75,7.25
317,Te Karaka,NZ,2022-06-04 22:56:33,-38.4654,177.8679,55.29,62,48,2.37
318,Mayo,US,2022-06-04 22:56:33,38.8876,-76.5119,83.71,46,0,6.91
319,Sainte-Marie,RE,2022-06-04 22:56:33,-20.8968,55.5496,73.56,74,29,23.02
320,Micheweni,TZ,2022-06-04 22:56:34,-4.9667,39.8333,75.78,86,93,11.72
321,Bathsheba,BB,2022-06-04 22:56:34,13.2167,-59.5167,83.01,78,40,19.57
322,Vestmannaeyjar,IS,2022-06-04 22:56:34,63.4427,-20.2734,48.7,68,58,6.4
323,Ippy,CF,2022-06-04 22:57:35,6.2679,21.2247,68.99,91,100,2.51
324,Santa Rita,BR,2022-06-04 22:53:42,-7.1139,-34.9781,75.87,94,0,4.61
325,Emerald,AU,2022-06-04 22:57:35,-23.5333,148.1667,58.33,76,0,4.59
326,Srivilliputtur,IN,2022-06-04 22:57:36,9.5081,77.6336,82.6,70,99,3.67
327,Ikalamavony,MG,2022-06-04 22:57:36,-21.15,46.5833,62.83,84,85,6.89
328,Ambilobe,MG,2022-06-04 22:57:37,-13.2,49.05,66.34,81,22,2.86
329,Rantauprapat,ID,2022-06-04 22:57:37,2.1,99.8333,72.09,99,100,2.28
330,Santa Lucia,ES,2022-06-04 22:57:38,27.9117,-15.5407,61.92,68,20,19.57
331,Chittur,IN,2022-06-04 22:57:39,10.7,76.75,81.95,93,66,6.89
332,Verkhnyaya Inta,RU,2022-06-04 22:57:39,65.9811,60.3094,41.83,53,24,7.09
333,Comodoro Rivadavia,AR,2022-06-04 22:57:40,-45.8667,-67.5,42.66,52,0,6.91
334,San Patricio,US,2022-06-04 22:57:40,28.017,-97.5169,95.72,53,44,16.73
335,Provideniya,RU,2022-06-04 22:57:40,64.3833,-173.3,53.74,50,54,3.98
336,Punta De Bombon,PE,2022-06-04 22:57:41,-17.1717,-71.7931,63.48,87,61,0.87
337,Bridlington,GB,2022-06-04 22:57:41,54.0831,-0.1919,51.89,87,8,13.02
338,Livingstone,ZM,2022-06-04 22:57:42,-17.8419,25.8543,52.79,67,3,2.42
339,Lagoa,PT,2022-06-04 22:57:42,39.05,-27.9833,63.09,96,82,16.04
340,Nizip,TR,2022-06-04 22:57:42,37.0097,37.7942,62.73,52,0,7.56
341,Sao Joao Da Barra,BR,2022-06-04 22:57:43,-21.6403,-41.0511,67.08,71,50,11.3
342,Eenhana,NA,2022-06-04 22:57:43,-17.4667,16.3333,51.91,50,5,7.49
343,Erzurum,TR,2022-06-04 22:57:44,40.0,41.5,47.88,74,0,5.3
344,Leningradskiy,RU,2022-06-04 22:57:44,69.3833,178.4167,34.79,83,100,4.59
345,Bambous Virieux,MU,2022-06-04 22:57:44,-20.3428,57.7575,71.85,78,40,16.11
346,Uusikaupunki,FI,2022-06-04 22:57:45,60.8004,21.4084,50.43,79,100,6.89
347,Nhulunbuy,AU,2022-06-04 22:57:45,-12.2333,136.7667,79.41,83,33,5.75
348,Traverse City,US,2022-06-04 22:57:46,44.7631,-85.6206,68.11,55,56,6.96
349,Surovikino,RU,2022-06-04 22:57:46,48.6078,42.8486,64.44,79,1,8.05
350,Ewa Beach,US,2022-06-04 22:57:47,21.3156,-158.0072,83.01,52,30,10.85
351,Ayr,GB,2022-06-04 22:57:47,55.4627,-4.6339,51.69,66,0,9.22
352,Yuanli,TW,2022-06-04 22:57:47,24.4397,120.6535,86.23,83,40,12.66
353,Margate,GB,2022-06-04 22:57:48,51.3813,1.3862,56.7,87,100,5.01
354,Suoyarvi,RU,2022-06-04 22:57:48,62.0833,32.35,45.81,98,82,4.07
355,Albury,AU,2022-06-04 22:57:49,-36.0833,146.9167,53.65,93,100,9.22
356,Flinders,AU,2022-06-04 22:57:49,-34.5833,150.8552,58.24,75,22,1.99
357,Lasa,IT,2022-06-04 22:57:50,46.6166,10.7002,62.37,88,58,2.59
358,Boguchany,RU,2022-06-04 22:57:50,58.3814,97.4531,41.56,73,94,0.98
359,Chapais,CA,2022-06-04 22:57:51,49.7834,-74.8492,49.78,93,91,4.99
360,Mapiripan,CO,2022-06-04 22:57:51,2.8892,-72.1256,73.98,92,92,2.95
361,Aswan,EG,2022-06-04 22:57:51,24.0934,32.907,88.9,15,0,5.75
362,Pemberton,CA,2022-06-04 22:57:52,50.3164,-122.8027,65.89,62,95,1.81
363,Tancitaro,MX,2022-06-04 22:57:52,19.3333,-102.3667,71.04,56,73,3.83
364,Husavik,IS,2022-06-04 22:57:16,66.0449,-17.3389,45.86,65,8,5.01
365,Novo Horizonte,BR,2022-06-04 22:57:53,-21.4681,-49.2208,66.31,59,34,7.07
366,Vila Do Maio,CV,2022-06-04 22:57:54,15.1333,-23.2167,75.99,83,2,18.01
367,Bako,ET,2022-06-04 22:57:54,5.7833,36.5667,62.53,72,24,5.17
368,Zhoucheng,CN,2022-06-04 22:57:54,35.9122,116.3117,81.41,46,86,8.1
369,Falam,MM,2022-06-04 22:57:55,22.9167,93.6833,60.82,95,77,3.78
370,Saint-Augustin,CA,2022-06-04 22:58:55,51.226,-58.6502,48.18,62,97,14.14
371,El Alto,PE,2022-06-04 22:58:56,-4.2714,-81.2147,69.46,74,41,19.57
372,Grand Gaube,MU,2022-06-04 22:58:56,-20.0064,57.6608,72.0,76,79,3.0
373,Pacific Grove,US,2022-06-04 22:58:56,36.6177,-121.9166,73.24,77,100,8.01
374,Maceio,BR,2022-06-04 22:58:57,-9.6658,-35.7353,72.84,94,100,12.66
375,Evensk,RU,2022-06-04 22:57:22,61.95,159.2333,44.29,92,100,2.93
376,Ewo,CG,2022-06-04 22:58:58,-0.8725,14.8206,76.62,68,97,3.78
377,Saint-Georges,GD,2022-06-04 22:58:58,12.0564,-61.7485,83.88,74,20,16.11
378,Kodiak,US,2022-06-04 22:58:59,57.79,-152.4072,62.71,51,13,4.05
379,Egvekinot,RU,2022-06-04 22:58:59,66.3167,-179.1667,37.53,65,93,1.92
380,Simao Dias,BR,2022-06-04 22:55:27,-10.7383,-37.8111,69.24,95,30,6.69
381,Ketchikan,US,2022-06-04 22:59:00,55.3422,-131.6461,57.67,72,75,16.11
382,Talcahuano,CL,2022-06-04 22:59:00,-36.7167,-73.1167,56.88,94,100,23.02
383,Puerto Suarez,BO,2022-06-04 22:59:01,-18.95,-57.8,77.65,50,46,3.27
384,Porto-Vecchio,FR,2022-06-04 22:59:01,41.591,9.2795,73.06,73,0,3.44
385,Mandera,KE,2022-06-04 22:59:02,3.9366,41.867,78.46,67,67,13.82
386,Sitka,US,2022-06-04 22:59:02,57.0531,-135.33,52.0,89,100,3.22
387,Zhicheng,CN,2022-06-04 22:59:02,30.2956,111.5047,76.82,85,75,3.71
388,Acapulco,MX,2022-06-04 22:59:03,16.8634,-99.8901,83.01,74,73,7.58
389,Balabac,PH,2022-06-04 22:59:03,7.9868,117.0645,82.36,74,27,2.95
390,Porto Novo,BJ,2022-06-04 22:59:04,6.4965,2.6036,80.1,79,86,7.38
391,Port Hedland,AU,2022-06-04 22:59:04,-20.3167,118.5667,62.65,67,4,8.05
392,Morondava,MG,2022-06-04 22:59:04,-20.2833,44.2833,69.03,68,0,8.28
393,Yuryev-Polskiy,RU,2022-06-04 22:59:05,56.5,39.6833,49.24,89,63,6.38
394,Sioux Lookout,CA,2022-06-04 22:59:05,50.1001,-91.917,60.87,41,40,10.36
395,Qasigiannguit,GL,2022-06-04 22:59:06,68.8193,-51.1922,36.95,71,82,2.44
396,Riohacha,CO,2022-06-04 22:59:06,11.5444,-72.9072,80.71,94,20,9.22
397,Laguna,US,2022-06-04 22:59:07,38.421,-121.4238,81.75,33,100,3.0
398,Braniewo,PL,2022-06-04 22:59:07,54.3797,19.8196,48.88,86,0,5.17
399,Great Falls,US,2022-06-04 22:58:10,47.5002,-111.3008,70.41,79,100,9.35
400,Vanimo,PG,2022-06-04 22:59:08,-2.6741,141.3028,80.2,79,99,4.72
401,Silves,PT,2022-06-04 22:59:08,37.1892,-8.4382,66.13,81,1,5.97
402,La Asuncion,VE,2022-06-04 22:59:09,11.0333,-63.8628,83.93,79,39,18.41
403,Mpika,ZM,2022-06-04 22:59:09,-11.8343,31.4529,49.84,82,20,5.75
404,Sovetskiy,RU,2022-06-04 22:59:11,61.3614,63.5842,36.05,58,2,4.88
405,Rawson,AR,2022-06-04 22:59:11,-43.3002,-65.1023,49.3,60,20,7.72
406,Aklavik,CA,2022-06-04 22:59:12,68.2191,-135.0107,37.4,60,75,8.05
407,Port Alberni,CA,2022-06-04 22:57:23,49.2413,-124.8028,62.11,93,100,1.99
408,Hachinohe,JP,2022-06-04 22:59:12,40.5,141.5,57.07,67,73,4.34
409,Lima,PE,2022-06-04 22:59:13,-12.0432,-77.0282,64.65,68,0,13.8
410,Samarai,PG,2022-06-04 22:59:14,-10.6167,150.6667,82.69,76,92,13.13
411,Vaitape,PF,2022-06-04 22:59:14,-16.5167,-151.75,79.65,75,55,13.49
412,Gazli,UZ,2022-06-04 22:59:15,40.1333,63.45,76.23,15,0,8.3
413,Oktyabrskiy,RU,2022-06-04 22:59:15,54.4815,53.471,56.75,95,90,6.08
414,Palmer,US,2022-06-04 22:59:15,42.1584,-72.3287,73.65,65,55,11.52
415,Mitsamiouli,KM,2022-06-04 23:00:16,-11.3847,43.2844,78.44,72,7,9.04
416,Usinsk,RU,2022-06-04 23:00:17,65.9939,57.5281,40.96,46,2,10.83
417,Qurayyat,SA,2022-06-04 23:00:18,31.3318,37.3428,80.31,28,98,13.94
418,Zhezkazgan,KZ,2022-06-04 23:00:19,47.8043,67.7144,53.37,52,62,12.15
419,Saint-Louis,SN,2022-06-04 23:00:20,16.3333,-15.0,89.17,29,0,11.14
420,Kodinsk,RU,2022-06-04 23:00:21,58.6881,99.1844,42.26,75,100,1.74
421,Newport,GB,2022-06-04 22:57:34,51.5877,-2.9984,58.44,80,98,16.75
422,Lubao,PH,2022-06-04 23:00:22,14.9167,120.55,81.81,77,100,2.33
423,Saint-Francois,FR,2022-06-04 23:00:22,46.4154,3.9054,63.68,100,75,10.36
424,Mustasaari,FI,2022-06-04 22:58:55,63.1142,21.6822,53.55,71,0,8.05
425,Nelson Bay,AU,2022-06-04 23:00:23,-32.7167,152.15,52.0,65,100,11.07
426,Tighina,MD,2022-06-04 23:00:23,46.8306,29.4711,68.77,52,71,5.01
427,Silifke,TR,2022-06-04 23:00:24,36.3778,33.9344,70.21,80,0,0.65
428,Puksoozero,RU,2022-06-04 23:00:24,62.5903,40.6066,47.08,97,87,4.38
429,Hofn,IS,2022-06-04 23:00:25,64.2539,-15.2082,47.55,60,1,4.0
430,Menongue,AO,2022-06-04 23:00:25,-14.6585,17.691,48.29,62,20,5.39
431,Bol,TD,2022-06-04 23:00:26,13.4586,14.7147,81.54,76,99,10.04
432,Houma,US,2022-06-04 23:00:26,29.5958,-90.7195,89.01,60,68,4.0
433,Patti,IN,2022-06-04 23:00:27,31.2808,74.8572,78.87,9,1,5.55
434,Petrivka,UA,2022-06-04 23:00:27,46.9695,30.9591,63.7,63,60,7.85
435,Anahuac,MX,2022-06-04 23:00:28,27.2333,-100.15,100.42,21,32,15.19
436,Darlowo,PL,2022-06-04 23:00:28,54.421,16.4107,50.83,81,0,3.27
437,Shetpe,KZ,2022-06-04 23:00:29,44.1667,52.1167,77.4,19,69,10.31
438,Jasper,US,2022-06-04 23:00:29,37.2001,-94.3502,80.67,47,96,1.99
439,Jalingo,NG,2022-06-04 23:00:30,8.8833,11.3667,72.48,91,100,4.79
440,Cedar Rapids,US,2022-06-04 23:00:27,42.0083,-91.6441,70.88,79,100,7.0
441,Silver City,US,2022-06-04 22:57:56,32.7701,-108.2803,87.76,9,0,19.57
442,Renukut,IN,2022-06-04 23:00:30,24.2,83.0333,86.9,17,89,4.12
443,Kamphaeng Phet,TH,2022-06-04 23:00:31,16.25,99.5,77.63,85,99,3.53
444,Kuusamo,FI,2022-06-04 23:00:32,65.9667,29.1833,50.04,93,0,2.3
445,Peace River,CA,2022-06-04 23:00:32,56.2501,-117.286,64.26,62,100,11.36
446,Pedra Azul,BR,2022-06-04 23:00:32,-16.0053,-41.2972,65.73,85,98,4.88
447,Abrau-Dyurso,RU,2022-06-04 23:00:33,44.69,37.59,65.66,94,11,8.61
448,Mormugao,IN,2022-06-04 23:00:34,15.4,73.8,82.33,81,73,8.19
449,Paharpur,PK,2022-06-04 23:00:34,32.1038,70.9724,89.6,11,0,4.12
450,Thunder Bay,CA,2022-06-04 22:58:00,48.4001,-89.3168,58.98,47,40,18.41
451,Goderich,CA,2022-06-04 23:00:35,43.7501,-81.7165,63.91,57,3,5.84
452,Kalyazin,RU,2022-06-04 23:00:35,57.2403,37.8433,46.02,98,76,2.73
453,Hualmay,PE,2022-06-04 23:00:36,-11.0964,-77.6139,65.7,82,99,10.31
454,Severnyy,RU,2022-06-04 23:00:36,50.677,36.5532,53.64,86,58,6.93
455,Muros,ES,2022-06-04 23:00:37,42.7762,-9.0603,62.1,85,14,4.97
456,Yulara,AU,2022-06-04 23:00:37,-25.2406,130.9889,51.48,56,0,6.26
457,Ancud,CL,2022-06-04 23:00:38,-41.8697,-73.8203,43.23,82,80,4.09
458,Hami,CN,2022-06-04 23:00:38,42.8,93.45,74.34,12,35,13.94
459,Sao Paulo Do Potengi,BR,2022-06-04 23:00:39,-5.895,-35.7628,72.48,97,88,4.74
460,Sao Borja,BR,2022-06-04 23:00:39,-28.6606,-56.0044,59.95,90,98,5.79
461,Svetlogorsk,BY,2022-06-04 23:01:40,52.6333,29.7333,57.9,86,100,3.89
462,Domoni,KM,2022-06-04 23:01:40,-12.2569,44.5319,76.71,79,8,14.14
463,Koutiala,ML,2022-06-04 23:01:41,12.3917,-5.4642,90.55,30,60,5.19
464,Bayir,TR,2022-06-04 23:01:41,37.2687,28.2167,68.52,75,67,2.26
465,Asau,RO,2022-06-04 23:01:42,46.4333,26.4,64.96,100,100,5.17
466,Planaltina,BR,2022-06-04 23:01:42,-15.4528,-47.6142,67.71,53,5,5.19
467,Lengshuijiang,CN,2022-06-04 23:01:43,27.6881,111.4294,75.13,96,100,2.46
468,Eureka,US,2022-06-04 22:57:32,40.8021,-124.1637,63.75,81,100,7.0
469,Shahr-E Babak,IR,2022-06-04 23:01:43,30.1165,55.1186,67.48,20,0,9.91
470,Sabang,ID,2022-06-04 23:01:44,5.8933,95.3214,82.42,74,100,7.2
471,Novyy Urengoy,RU,2022-06-04 23:01:44,66.0833,76.6333,31.98,87,99,14.47
472,Bom Jesus,BR,2022-06-04 23:00:49,-9.0744,-44.3586,78.08,38,48,4.03
473,Tabas,IR,2022-06-04 23:01:45,33.5959,56.9244,79.07,18,0,2.44
474,Yabelo,ET,2022-06-04 23:01:45,4.8833,38.0833,55.06,78,33,5.53
475,Luangwa,ZM,2022-06-04 23:01:46,-15.6167,30.4167,58.6,86,2,2.84
476,Rabo De Peixe,PT,2022-06-04 23:01:46,37.8,-25.5833,68.27,92,75,13.8
477,Tromso,NO,2022-06-04 23:01:47,69.6496,18.957,48.22,76,75,18.41
478,Wanning,CN,2022-06-04 23:01:47,18.8003,110.3967,81.39,90,100,10.67
479,Sao Felix Do Xingu,BR,2022-06-04 23:00:43,-6.6447,-51.995,76.55,77,84,2.86
480,Touros,BR,2022-06-04 23:01:48,-5.1989,-35.4608,75.72,89,84,7.65
481,Manicaragua,CU,2022-06-04 23:01:48,22.1494,-79.9736,77.36,86,100,15.43
482,Camana,PE,2022-06-04 23:01:49,-16.6228,-72.7111,65.14,82,67,2.91
483,Abu Samrah,SY,2022-06-04 23:01:49,35.3029,37.1841,69.35,36,0,6.33
484,Valdivia,CL,2022-06-04 23:01:49,-39.8142,-73.2459,47.08,95,100,3.33
485,Nangomba,TZ,2022-06-04 23:01:50,-10.9,38.5,70.83,74,100,5.39
486,Abu Kamal,SY,2022-06-04 23:01:50,34.4506,40.9171,88.29,14,87,10.0
487,Athabasca,CA,2022-06-04 22:59:46,54.7169,-113.2854,73.81,50,100,13.29
488,Ruthen,DE,2022-06-04 23:01:51,51.4909,8.436,59.07,63,0,4.61
489,Los Llanos De Aridane,ES,2022-06-04 23:01:51,28.6585,-17.9182,65.95,78,20,17.27
490,Aykhal,RU,2022-06-04 23:01:52,66.0,111.5,48.4,44,49,24.05
491,Aksu,CN,2022-06-04 23:01:52,41.1231,80.2644,65.73,38,0,4.99
492,Lagos,NG,2022-06-04 23:00:01,6.5833,3.75,79.3,84,88,6.13
493,Skibbereen,IE,2022-06-04 23:01:53,51.55,-9.2667,56.1,94,100,15.32
494,Chicama,PE,2022-06-04 23:01:53,-7.8447,-79.1469,68.74,75,67,7.49
495,Komsomolskiy,UZ,2022-06-04 23:01:54,40.4272,71.7189,68.5,40,3,0.81
496,Rio Gallegos,AR,2022-06-04 22:58:59,-51.6226,-69.2181,35.89,66,54,17.45
497,Mecca,SA,2022-06-04 22:59:49,21.4267,39.8261,89.64,22,0,4.45
498,Bilma,NE,2022-06-04 23:01:54,18.6853,12.9164,88.14,12,4,3.94
499,Filingue,NE,2022-06-04 23:01:55,14.3521,3.3168,96.28,14,17,1.86
500,Vredendal,ZA,2022-06-04 23:01:55,-31.6683,18.5012,56.66,34,78,4.0
501,Razdolinsk,RU,2022-06-04 23:01:56,58.4211,94.6658,38.01,71,46,2.28
502,San Cristobal,VE,2022-06-04 23:01:56,7.7669,-72.225,66.92,99,88,5.46
503,Tupik,RU,2022-06-04 23:01:57,54.4253,119.9327,56.05,82,92,2.71
504,Paita,PE,2022-06-04 23:01:57,-5.0892,-81.1144,67.53,78,45,16.2
505,San Matias,BO,2022-06-04 23:01:57,-16.3667,-58.4,78.19,42,5,4.92
506,Ixtapa,MX,2022-06-04 23:00:11,20.7,-105.2,81.23,71,23,5.99
507,Dudinka,RU,2022-06-04 23:01:59,69.4058,86.1778,25.63,78,99,24.05
508,Teguldet,RU,2022-06-04 23:02:59,57.3064,88.1667,36.7,78,84,4.85
509,Madanapalle,IN,2022-06-04 23:03:00,13.55,78.5,77.0,60,100,5.3
510,Kahului,US,2022-06-04 23:03:00,20.8947,-156.47,82.42,62,40,15.99
511,Bukachacha,RU,2022-06-04 23:03:01,52.9833,116.9167,57.97,79,76,5.66
512,Kudahuvadhoo,MV,2022-06-04 23:03:01,2.6708,72.8944,82.83,74,18,14.07
513,Broome,US,2022-06-04 23:03:01,42.2506,-75.833,66.58,41,0,9.22
514,Oussouye,SN,2022-06-04 23:03:02,12.485,-16.5469,78.44,76,83,10.22
515,Sheridan,US,2022-06-04 23:00:11,44.8333,-106.9173,74.7,48,100,5.99
516,Richards Bay,ZA,2022-06-04 23:03:02,-28.783,32.0377,61.07,60,0,6.2
517,Mokhsogollokh,RU,2022-06-04 23:03:02,61.4681,128.9203,68.5,54,92,4.81
518,Hasaki,JP,2022-06-04 23:03:03,35.7333,140.8333,68.29,68,100,7.61
519,Umm Kaddadah,SD,2022-06-04 23:03:03,13.6017,26.6876,82.83,42,99,7.63
520,San Juan,AR,2022-06-04 23:00:50,-31.5375,-68.5364,54.18,41,39,10.65
521,Sibolga,ID,2022-06-04 23:03:04,1.7427,98.7792,74.57,88,91,3.6
522,Roald,NO,2022-06-04 23:03:04,62.5833,6.1333,51.75,93,75,10.36
523,Porto Velho,BR,2022-06-04 23:00:18,-8.7619,-63.9039,79.16,73,100,1.43
524,Mehamn,NO,2022-06-04 23:03:05,71.0357,27.8492,46.31,96,100,3.36
525,Ola,RU,2022-06-04 23:03:05,59.5833,151.2833,50.34,82,96,1.99
526,Lyuban,BY,2022-06-04 23:03:05,52.7985,28.0048,57.04,89,99,6.62
527,La Ronge,CA,2022-06-04 22:58:57,55.1001,-105.2842,64.65,27,20,10.36
528,Marang,MY,2022-06-04 23:03:06,5.2056,103.2059,77.29,89,84,3.76
529,Camoapa,NI,2022-06-04 23:03:06,12.3839,-85.5116,77.0,77,87,5.99
530,Dwarka,IN,2022-06-04 23:03:07,22.2394,68.9678,81.5,80,13,15.01
531,Fort-Shevchenko,KZ,2022-06-04 23:03:07,44.5086,50.263,76.06,36,83,7.9
532,Miraflores,MX,2022-06-04 23:03:08,19.2167,-98.8083,80.87,32,66,2.55
533,Arman,RU,2022-06-04 23:03:08,59.7,150.1667,55.18,74,84,3.0
534,Hatillo,PR,2022-06-04 23:03:09,18.4863,-66.8254,85.78,85,98,1.99
535,Caxito,AO,2022-06-04 23:03:09,-8.5785,13.6643,66.6,93,6,2.46
536,Ilhabela,BR,2022-06-04 23:03:10,-23.7781,-45.3581,65.5,88,93,9.4
537,Aktash,RU,2022-06-04 23:03:11,50.3,87.7333,34.05,83,57,3.56
538,Taonan,CN,2022-06-04 23:03:11,45.3333,122.7833,54.54,94,100,22.91
539,Palana,RU,2022-06-04 23:03:12,59.1167,159.9667,41.29,80,100,6.33
540,Onguday,RU,2022-06-04 23:03:12,50.75,86.15,42.4,95,60,3.76
541,Raudeberg,NO,2022-06-04 23:03:12,61.9875,5.1352,48.87,95,100,15.48
542,Motygino,RU,2022-06-04 23:03:13,58.1831,94.7592,39.61,69,39,2.06
543,Mariental,NA,2022-06-04 23:03:14,-24.6333,17.9667,54.21,33,7,11.95
544,Lamar,US,2022-06-04 23:03:14,33.6668,-95.5836,87.64,61,40,12.66
545,Andilamena,MG,2022-06-04 23:03:15,-17.0167,48.5833,59.49,90,99,8.1
546,Merauke,ID,2022-06-04 23:03:16,-8.4667,140.3333,79.88,82,80,5.59
547,Pedasi,PA,2022-06-04 23:03:16,7.5333,-80.0333,82.06,80,84,10.02
548,Tautira,PF,2022-06-04 23:03:17,-17.7333,-149.15,78.75,77,20,10.76
549,Ust-Tsilma,RU,2022-06-04 23:03:17,65.441,52.1498,46.2,45,0,7.38
550,Gushikawa,JP,2022-06-04 23:03:18,26.3544,127.8686,82.4,100,75,8.05
551,Gonzales,US,2022-06-04 22:59:26,30.2385,-90.9201,91.04,58,40,4.61
552,Demyanovo,RU,2022-06-04 23:03:18,60.3511,47.0842,48.15,96,24,2.68
553,Isangel,VU,2022-06-04 23:03:19,-19.55,169.2667,82.51,74,40,4.61
554,Ulladulla,AU,2022-06-04 23:04:19,-35.35,150.4667,57.78,57,8,11.5
555,Grindavik,IS,2022-06-04 23:04:19,63.8424,-22.4338,45.07,76,0,5.75
556,San Jose,US,2022-06-04 22:59:59,37.3394,-121.895,80.49,44,0,9.22
557,Lufilufi,WS,2022-06-04 23:04:20,-13.8745,-171.5986,85.78,72,4,7.56
558,Henties Bay,NA,2022-06-04 23:04:20,-22.116,14.2845,67.46,42,19,3.71
559,Veinticinco De Mayo,AR,2022-06-04 23:04:21,-35.4323,-60.1727,47.98,87,41,1.99
560,Melendugno,IT,2022-06-04 23:04:21,40.2747,18.3368,74.05,71,33,8.21
561,Ferrol,ES,2022-06-04 23:04:22,43.4832,-8.2369,59.68,89,31,3.09
562,Okha,RU,2022-06-04 23:04:22,53.5739,142.9478,50.49,61,11,7.58
563,Korla,CN,2022-06-04 23:04:22,41.7597,86.1469,68.74,30,27,11.39
564,Reconquista,AR,2022-06-04 23:04:23,-29.15,-59.65,57.42,75,98,4.81
565,Camacha,PT,2022-06-04 23:04:23,33.0833,-16.3333,62.02,77,40,9.22
566,Shihezi,CN,2022-06-04 23:04:24,44.3,86.0333,63.54,62,100,6.42
567,Talnakh,RU,2022-06-04 23:04:24,69.4865,88.3972,25.21,70,100,16.44
568,Broken Hill,AU,2022-06-04 23:04:25,-31.95,141.4333,52.34,70,99,22.17
569,Proddatur,IN,2022-06-04 23:04:25,14.7333,78.55,86.4,46,100,8.72
570,Harnosand,SE,2022-06-04 23:04:26,62.6323,17.9379,50.02,71,100,4.92
571,Biak,ID,2022-06-04 23:04:26,-0.9131,122.8766,77.34,80,100,1.7
572,Vallenar,CL,2022-06-04 23:02:12,-28.5708,-70.7581,62.11,26,100,6.2
573,Tomatlan,MX,2022-06-04 23:04:27,19.9333,-105.25,83.43,56,8,9.42
574,Camapua,BR,2022-06-04 23:03:31,-19.5314,-54.0439,75.02,50,52,7.0
575,Nome,US,2022-06-04 23:04:27,64.5011,-165.4064,68.16,47,0,9.22
576,Olafsvik,IS,2022-06-04 23:04:28,64.8945,-23.7142,44.6,71,23,9.66
577,Tyrma,RU,2022-06-04 23:04:28,50.0833,132.1667,58.26,54,3,3.8
578,Samaipata,BO,2022-06-04 23:04:29,-18.15,-63.8667,52.23,98,57,4.16
579,Sheopur,IN,2022-06-04 23:04:29,25.6667,76.7,89.83,17,0,5.39
580,Orange,US,2022-06-04 23:04:30,33.7,-117.7675,85.68,65,75,9.22
581,Ahuimanu,US,2022-06-04 23:04:30,21.4447,-157.8378,83.91,53,40,11.5
582,Atikokan,CA,2022-06-04 23:04:31,48.7555,-91.6216,65.66,30,58,8.95
583,Shenzhen,CN,2022-06-04 23:02:18,22.5455,114.0683,84.85,92,86,9.8
584,Baherden,TM,2022-06-04 23:04:32,38.4362,57.4316,77.5,16,0,2.51
585,Coihaique,CL,2022-06-04 23:04:32,-45.5752,-72.0662,39.81,81,75,4.61
586,Sinnamary,GF,2022-06-04 23:04:32,5.3833,-52.95,78.13,87,94,8.95
